{
  "shuffle": true,
  "subset": null,
  "min_freq": 75,
  "lower": true,
  "stem": false,
  "analyzer": "char_wb",
  "ngram_max_range": 5,
  "alpha": 0.0001,
  "learning_rate": 0.03460062123358472,
  "power_t": 0.42320933132286076,
  "num_epochs": 100,
  "threshold": 0.5994393560294149
}
