{
  "shuffle": true,
  "subset": null,
  "min_freq": 75,
  "lower": true,
  "stem": false,
  "analyzer": "char_wb",
  "ngram_max_range": 6,
  "alpha": 0.0001,
  "learning_rate": 0.09049109566281174,
  "power_t": 0.22608347909414694,
  "num_epochs": 100,
  "threshold": 0.6518096071548853
}
