{
  "overall": {
    "precision": 0.8765737186789817,
    "recall": 0.8181818181818182,
    "f1": 0.8262619680019485,
    "num_samples": 99.0
  },
  "class": {
    "computer-vision": {
      "precision": 0.9615384615384616,
      "recall": 0.6944444444444444,
      "f1": 0.8064516129032258,
      "num_samples": 36.0
    },
    "natural-language-processing": {
      "precision": 0.9473684210526315,
      "recall": 0.8372093023255814,
      "f1": 0.8888888888888888,
      "num_samples": 43.0
    },
    "other": {
      "precision": 0.5714285714285714,
      "recall": 1.0,
      "f1": 0.7272727272727273,
      "num_samples": 20.0
    }
  },
  "slices": {
    "short_text": {
      "precision": 0.5,
      "recall": 0.5,
      "f1": 0.5,
      "num_samples": 4
    }
  }
}
