{
  "overall": {
    "precision": 0.9155773420479303,
    "recall": 0.7847222222222222,
    "f1": 0.8152533108519024,
    "num_samples": 144.0
  },
  "class": {
    "computer-vision": {
      "precision": 1.0,
      "recall": 0.6851851851851852,
      "f1": 0.8131868131868133,
      "num_samples": 54.0
    },
    "mlops": {
      "precision": 1.0,
      "recall": 0.8333333333333334,
      "f1": 0.9090909090909091,
      "num_samples": 12.0
    },
    "natural-language-processing": {
      "precision": 1.0,
      "recall": 0.7931034482758621,
      "f1": 0.8846153846153846,
      "num_samples": 58.0
    },
    "other": {
      "precision": 0.39215686274509803,
      "recall": 1.0,
      "f1": 0.5633802816901409,
      "num_samples": 20.0
    }
  },
  "slices": {
    "nlp_cnn": {
      "precision": 1.0,
      "recall": 1.0,
      "f1": 1.0,
      "num_samples": 1
    },
    "short_text": {
      "precision": 0.8,
      "recall": 0.8,
      "f1": 0.8000000000000002,
      "num_samples": 5
    }
  }
}
